name,imageurl,wiki
Aegon,https://d1l1fon1fdqzt1.cloudfront.net/img/Aegon.jpg,http://gameofthrones.wikia.com/wiki/Aegon_Targaryen_Son_of_Rhaegar)
Aemon,https://d1l1fon1fdqzt1.cloudfront.net/img/Aemon.jpg,http://gameofthrones.wikia.com/wiki/Aemon
Aerys,https://d1l1fon1fdqzt1.cloudfront.net/img/Aerys.jpg,http://gameofthrones.wikia.com/wiki/Aerys_II_Targaryen
Alliser,https://d1l1fon1fdqzt1.cloudfront.net/img/Alliser.jpg,http://gameofthrones.wikia.com/wiki/Alliser_Thorne
Amory,https://d1l1fon1fdqzt1.cloudfront.net/img/Amory.jpg,http://gameofthrones.wikia.com/wiki/Amory_Lorch
Anguy,https://d1l1fon1fdqzt1.cloudfront.net/img/Anguy.jpg,http://gameofthrones.wikia.com/wiki/Anguy
Arya,https://d1l1fon1fdqzt1.cloudfront.net/img/Arya.jpg,http://gameofthrones.wikia.com/wiki/Arya_Stark
Balon,https://d1l1fon1fdqzt1.cloudfront.net/img/Balon.jpg,http://gameofthrones.wikia.com/wiki/Balon_Greyjoy
Barristan,https://d1l1fon1fdqzt1.cloudfront.net/img/Barristan.jpg,http://gameofthrones.wikia.com/wiki/Barristan_Selmy
Belwas,https://d1l1fon1fdqzt1.cloudfront.net/img/Belwas.jpg,http://gameofthrones.wikia.com/wiki/
Beric,https://d1l1fon1fdqzt1.cloudfront.net/img/Beric.jpg,http://gameofthrones.wikia.com/wiki/Beric_Dondarrion
Bowen,https://d1l1fon1fdqzt1.cloudfront.net/img/Bowen.jpg,http://gameofthrones.wikia.com/wiki/Bowen_Marsh
Bran,https://d1l1fon1fdqzt1.cloudfront.net/img/Bran.jpg,http://gameofthrones.wikia.com/wiki/Bran_Stark
Brienne,https://d1l1fon1fdqzt1.cloudfront.net/img/Brienne.jpg,http://gameofthrones.wikia.com/wiki/Brienne_of_Tarth
Bronn,https://d1l1fon1fdqzt1.cloudfront.net/img/Bronn.jpg,http://gameofthrones.wikia.com/wiki/Bronn
Brynden,https://d1l1fon1fdqzt1.cloudfront.net/img/Brynden.jpg,http://gameofthrones.wikia.com/wiki/Brynden_Tully
Catelyn,https://d1l1fon1fdqzt1.cloudfront.net/img/Catelyn.jpg,http://gameofthrones.wikia.com/wiki/Catelyn_Stark
Cersei,https://d1l1fon1fdqzt1.cloudfront.net/img/Cersei.jpg,http://gameofthrones.wikia.com/wiki/Cersei_Lannister
Chataya,https://d1l1fon1fdqzt1.cloudfront.net/img/Chataya.jpg,http://gameofthrones.wikia.com/wiki/
Craster,https://d1l1fon1fdqzt1.cloudfront.net/img/Craster.jpg,http://gameofthrones.wikia.com/wiki/Craster
Cressen,https://d1l1fon1fdqzt1.cloudfront.net/img/Cressen.jpg,http://gameofthrones.wikia.com/wiki/Cressen
Daario,https://d1l1fon1fdqzt1.cloudfront.net/img/Daario.jpg,http://gameofthrones.wikia.com/wiki/Daario_Naharis
Daenerys,https://d1l1fon1fdqzt1.cloudfront.net/img/Daenerys.jpg,http://gameofthrones.wikia.com/wiki/Daenerys_Targaryen
Dalla,https://d1l1fon1fdqzt1.cloudfront.net/img/Dalla.jpg,http://gameofthrones.wikia.com/wiki/
Davos,https://d1l1fon1fdqzt1.cloudfront.net/img/Davos.jpg,http://gameofthrones.wikia.com/wiki/Davos_Seaworth
Doran,https://d1l1fon1fdqzt1.cloudfront.net/img/Doran.jpg,http://gameofthrones.wikia.com/wiki/Doran_Martell
Drogo,https://d1l1fon1fdqzt1.cloudfront.net/img/Drogo.jpg,http://gameofthrones.wikia.com/wiki/Drogo
Eddard,https://d1l1fon1fdqzt1.cloudfront.net/img/Eddard.jpg,http://gameofthrones.wikia.com/wiki/Eddard_Stark
Eddison,https://d1l1fon1fdqzt1.cloudfront.net/img/Eddison.jpg,http://gameofthrones.wikia.com/wiki/Eddison_Tollett
Edmure,https://d1l1fon1fdqzt1.cloudfront.net/img/Edmure.jpg,http://gameofthrones.wikia.com/wiki/Edmure_Tully
Elia,https://d1l1fon1fdqzt1.cloudfront.net/img/Elia.jpg,http://gameofthrones.wikia.com/wiki/Elia_Martell
Ellaria,https://d1l1fon1fdqzt1.cloudfront.net/img/Ellaria.jpg,http://gameofthrones.wikia.com/wiki/Ellaria_Sand
Gendry,https://d1l1fon1fdqzt1.cloudfront.net/img/Gendry.jpg,http://gameofthrones.wikia.com/wiki/Gendry
Gilly,https://d1l1fon1fdqzt1.cloudfront.net/img/Gilly.jpg,http://gameofthrones.wikia.com/wiki/Gilly
Gregor,https://d1l1fon1fdqzt1.cloudfront.net/img/Gregor.jpg,http://gameofthrones.wikia.com/wiki/Gregor_Clegane
Grenn,https://d1l1fon1fdqzt1.cloudfront.net/img/Grenn.jpg,http://gameofthrones.wikia.com/wiki/Grenn
Hodor,https://d1l1fon1fdqzt1.cloudfront.net/img/Hodor.jpg,http://gameofthrones.wikia.com/wiki/Hodor
Hoster,https://d1l1fon1fdqzt1.cloudfront.net/img/Hoster.jpg,http://gameofthrones.wikia.com/wiki/Hoster_Tully
Illyrio,https://d1l1fon1fdqzt1.cloudfront.net/img/Illyrio.jpg,http://gameofthrones.wikia.com/wiki/Illyrio_Mopatis
Ilyn,https://d1l1fon1fdqzt1.cloudfront.net/img/Ilyn.jpg,http://gameofthrones.wikia.com/wiki/Ilyn_Payne
Irri,https://d1l1fon1fdqzt1.cloudfront.net/img/Irri.jpg,http://gameofthrones.wikia.com/wiki/Irri
Jaime,https://d1l1fon1fdqzt1.cloudfront.net/img/Jaime.jpg,http://gameofthrones.wikia.com/wiki/Jaime_Lannister
Janos,https://d1l1fon1fdqzt1.cloudfront.net/img/Janos.jpg,http://gameofthrones.wikia.com/wiki/Janos_Slynt
Jeyne,https://d1l1fon1fdqzt1.cloudfront.net/img/Jeyne.jpg,http://gameofthrones.wikia.com/wiki/Jeyne_Poole
Joffrey,https://d1l1fon1fdqzt1.cloudfront.net/img/Joffrey.jpg,http://gameofthrones.wikia.com/wiki/Joffrey_Baratheon
Jojen,https://d1l1fon1fdqzt1.cloudfront.net/img/Jojen.jpg,http://gameofthrones.wikia.com/wiki/Jojen_Reed
Jon Arryn,https://d1l1fon1fdqzt1.cloudfront.net/img/Jon Arryn.jpg,http://gameofthrones.wikia.com/wiki/Jon_Arryn
Jon,https://d1l1fon1fdqzt1.cloudfront.net/img/Jon.jpg,http://gameofthrones.wikia.com/wiki/Jon_Snow
Jorah,https://d1l1fon1fdqzt1.cloudfront.net/img/Jorah.jpg,http://gameofthrones.wikia.com/wiki/Jorah_Mormont
Karl,https://d1l1fon1fdqzt1.cloudfront.net/img/Karl.jpg,http://gameofthrones.wikia.com/wiki/Karl_Tanner
Kevan,https://d1l1fon1fdqzt1.cloudfront.net/img/Kevan.jpg,http://gameofthrones.wikia.com/wiki/Kevan_Lannister
Kraznys,https://d1l1fon1fdqzt1.cloudfront.net/img/Kraznys.jpg,http://gameofthrones.wikia.com/wiki/Kraznys_mo_Nakloz
Lancel,https://d1l1fon1fdqzt1.cloudfront.net/img/Lancel.jpg,http://gameofthrones.wikia.com/wiki/Lancel_Lannister
Loras,https://d1l1fon1fdqzt1.cloudfront.net/img/Loras.jpg,http://gameofthrones.wikia.com/wiki/Loras_Tyrell
Lothar,https://d1l1fon1fdqzt1.cloudfront.net/img/Lothar.jpg,http://gameofthrones.wikia.com/wiki/Lothar_Frey
Luwin,https://d1l1fon1fdqzt1.cloudfront.net/img/Luwin.jpg,http://gameofthrones.wikia.com/wiki/Luwin
Lysa,https://d1l1fon1fdqzt1.cloudfront.net/img/Lysa.jpg,http://gameofthrones.wikia.com/wiki/Lysa_Arryn
Mace,https://d1l1fon1fdqzt1.cloudfront.net/img/Mace.jpg,http://gameofthrones.wikia.com/wiki/Mace_Tyrell
Mance,https://d1l1fon1fdqzt1.cloudfront.net/img/Mance.jpg,http://gameofthrones.wikia.com/wiki/Mance_Rayder
Margaery,https://d1l1fon1fdqzt1.cloudfront.net/img/Margaery.jpg,http://gameofthrones.wikia.com/wiki/Margaery_Tyrell
Marillion,https://d1l1fon1fdqzt1.cloudfront.net/img/Marillion.jpg,http://gameofthrones.wikia.com/wiki/Marillion
Meera,https://d1l1fon1fdqzt1.cloudfront.net/img/Meera.jpg,http://gameofthrones.wikia.com/wiki/Meera_Reed
Melisandre,https://d1l1fon1fdqzt1.cloudfront.net/img/Melisandre.jpg,http://gameofthrones.wikia.com/wiki/Melisandre
Meryn,https://d1l1fon1fdqzt1.cloudfront.net/img/Meryn.jpg,http://gameofthrones.wikia.com/wiki/Meryn_Trant
Missandei,https://d1l1fon1fdqzt1.cloudfront.net/img/Missandei.jpg,http://gameofthrones.wikia.com/wiki/Missandei
Myrcella,https://d1l1fon1fdqzt1.cloudfront.net/img/Myrcella.jpg,http://gameofthrones.wikia.com/wiki/Myrcella_Baratheon
Nan,https://d1l1fon1fdqzt1.cloudfront.net/img/Nan.jpg,http://gameofthrones.wikia.com/wiki/Nan
Oberyn,https://d1l1fon1fdqzt1.cloudfront.net/img/Oberyn.jpg,http://gameofthrones.wikia.com/wiki/Oberyn_Martell
Olenna,https://d1l1fon1fdqzt1.cloudfront.net/img/Olenna.jpg,http://gameofthrones.wikia.com/wiki/Olenna_Tyrell
Orell,https://d1l1fon1fdqzt1.cloudfront.net/img/Orell.jpg,http://gameofthrones.wikia.com/wiki/Orell
Petyr,https://d1l1fon1fdqzt1.cloudfront.net/img/Petyr.jpg,http://gameofthrones.wikia.com/wiki/Petyr_Baelish
Podrick,https://d1l1fon1fdqzt1.cloudfront.net/img/Podrick.jpg,http://gameofthrones.wikia.com/wiki/Podrick_Payne
Pycelle,https://d1l1fon1fdqzt1.cloudfront.net/img/Pycelle.jpg,http://gameofthrones.wikia.com/wiki/Pycelle
Qhorin,https://d1l1fon1fdqzt1.cloudfront.net/img/Qhorin.jpg,http://gameofthrones.wikia.com/wiki/Qhorin
Qyburn,https://d1l1fon1fdqzt1.cloudfront.net/img/Qyburn.jpg,http://gameofthrones.wikia.com/wiki/Qyburn
Rakharo,https://d1l1fon1fdqzt1.cloudfront.net/img/Rakharo.jpg,http://gameofthrones.wikia.com/wiki/Rakharo
Ramsay,https://d1l1fon1fdqzt1.cloudfront.net/img/Ramsay.jpg,http://gameofthrones.wikia.com/wiki/Ramsay_Bolton
Rattleshirt,https://d1l1fon1fdqzt1.cloudfront.net/img/Rattleshirt.jpg,http://gameofthrones.wikia.com/wiki/Lord_of_Bones
Renly,https://d1l1fon1fdqzt1.cloudfront.net/img/Renly.jpg,http://gameofthrones.wikia.com/wiki/Renly_Baratheon
Rhaegar,https://d1l1fon1fdqzt1.cloudfront.net/img/Rhaegar.jpg,http://gameofthrones.wikia.com/wiki/Rhaegar_Targaryen
Rickard,https://d1l1fon1fdqzt1.cloudfront.net/img/Rickard.jpg,http://gameofthrones.wikia.com/wiki/Rickard_Karstark
Rickon,https://d1l1fon1fdqzt1.cloudfront.net/img/Rickon.jpg,http://gameofthrones.wikia.com/wiki/Rickon_Stark
Robb,https://d1l1fon1fdqzt1.cloudfront.net/img/Robb.jpg,http://gameofthrones.wikia.com/wiki/Robb_Stark
Robert,https://d1l1fon1fdqzt1.cloudfront.net/img/Robert.jpg,http://gameofthrones.wikia.com/wiki/Robert_Baratheon
Robin,https://d1l1fon1fdqzt1.cloudfront.net/img/Robin.jpg,http://gameofthrones.wikia.com/wiki/Robin_Arryn
Roose,https://d1l1fon1fdqzt1.cloudfront.net/img/Roose.jpg,http://gameofthrones.wikia.com/wiki/Roose_Bolton
Roslin,https://d1l1fon1fdqzt1.cloudfront.net/img/Roslin.jpg,http://gameofthrones.wikia.com/wiki/Roslin_Frey
Salladhor,https://d1l1fon1fdqzt1.cloudfront.net/img/Salladhor.jpg,http://gameofthrones.wikia.com/wiki/Salladhor_Saan
Samwell,https://d1l1fon1fdqzt1.cloudfront.net/img/Samwell.jpg,http://gameofthrones.wikia.com/wiki/Samwell_Tarly
Sandor,https://d1l1fon1fdqzt1.cloudfront.net/img/Sandor.jpg,http://gameofthrones.wikia.com/wiki/Sandor_Clegane
Sansa,https://d1l1fon1fdqzt1.cloudfront.net/img/Sansa.jpg,http://gameofthrones.wikia.com/wiki/Sansa_Stark
Shae,https://d1l1fon1fdqzt1.cloudfront.net/img/Shae.jpg,http://gameofthrones.wikia.com/wiki/Shae
Shireen,https://d1l1fon1fdqzt1.cloudfront.net/img/Shireen.jpg,http://gameofthrones.wikia.com/wiki/Shireen
Stannis,https://d1l1fon1fdqzt1.cloudfront.net/img/Stannis.jpg,http://gameofthrones.wikia.com/wiki/Stannis_Baratheon
Styr,https://d1l1fon1fdqzt1.cloudfront.net/img/Styr.jpg,http://gameofthrones.wikia.com/wiki/Styr
Theon,https://d1l1fon1fdqzt1.cloudfront.net/img/Theon.jpg,http://gameofthrones.wikia.com/wiki/Theon_Greyjoy
Thoros,https://d1l1fon1fdqzt1.cloudfront.net/img/Thoros.jpg,http://gameofthrones.wikia.com/wiki/Thoros
Tommen,https://d1l1fon1fdqzt1.cloudfront.net/img/Tommen.jpg,http://gameofthrones.wikia.com/wiki/Tommen_Baratheon
Tyrion,https://d1l1fon1fdqzt1.cloudfront.net/img/Tyrion.jpg,http://gameofthrones.wikia.com/wiki/Tyrion_Lannister
Tywin,https://d1l1fon1fdqzt1.cloudfront.net/img/Tywin.jpg,http://gameofthrones.wikia.com/wiki/Tywin_Lannister
Val,https://d1l1fon1fdqzt1.cloudfront.net/img/Val.jpg,http://gameofthrones.wikia.com/wiki/
Varys,https://d1l1fon1fdqzt1.cloudfront.net/img/Varys.jpg,http://gameofthrones.wikia.com/wiki/Varys
Viserys,https://d1l1fon1fdqzt1.cloudfront.net/img/Viserys.jpg,http://gameofthrones.wikia.com/wiki/Viserys_Targaryen
Walder,https://d1l1fon1fdqzt1.cloudfront.net/img/Walder.jpg,http://gameofthrones.wikia.com/wiki/Walder_Frey
Walton,https://d1l1fon1fdqzt1.cloudfront.net/img/Walton.jpg,http://gameofthrones.wikia.com/wiki/Walton
Worm,https://d1l1fon1fdqzt1.cloudfront.net/img/Worm.jpg,http://gameofthrones.wikia.com/wiki/Grey_Worm
Ygritte,https://d1l1fon1fdqzt1.cloudfront.net/img/Ygritte.jpg,http://gameofthrones.wikia.com/wiki/Ygritte